金額,攤位,暱稱,宣傳連接
100,1F_P09,米攸西,https://www.threads.com/@miyoshi_tww/post/DNQBqNDpQgS?xmt=AQF0J0o42vDNbWTsK9WRxVqFtgHAtjOwLLqT0tU7mYFyFg
100,1F_P10,少玖sʏᴏᴜᴋᴜ,https://www.threads.com/@_syouku_u/post/DNPkqWLR_Fu?xmt=AQF0J0o42vDNbWTsK9WRxVqFtgHAtjOwLLqT0tU7mYFyFg
100,1F_Q01,hyou_1028,https://www.threads.com/@hyou_1028/post/DNK16dgyYeX?xmt=AQF0wT9Aeu9tWKDUAKV2gERRq323EFjIezzznx9SNi9w9A
100,1F_P26,c.kmztk1__,https://www.threads.com/@c.kmztk1__/post/DNK2YErvQfa?xmt=AQF0wT9Aeu9tWKDUAKV2gERRq323EFjIezzznx9SNi9w9A
100,1F_P14,lsy_zzzo,https://www.threads.com/@lsy_zzzo/post/DNKONuXhAST?xmt=AQF0wT9Aeu9tWKDUAKV2gERRq323EFjIezzznx9SNi9w9A
100,1F_M48,dasia_1026,https://www.threads.com/@dasia_1026/post/DNIdRZcRz7N?xmt=AQF0wT9Aeu9tWKDUAKV2gERRq323EFjIezzznx9SNi9w9A
100,1F_M69,evetung_universe,https://www.threads.com/@evetung_universe/post/DNIYdmVvyjL?xmt=AQF0wT9Aeu9tWKDUAKV2gERRq323EFjIezzznx9SNi9w9A
100,1F_M61,zinc_719,https://www.threads.com/@zinc_719/post/DNDNdHizMGe?xmt=AQF0wT9Aeu9tWKDUAKV2gERRq323EFjIezzznx9SNi9w9A
100,1F_P03.pato柴,https://www.plurk.com/p/3hlfp0uybw
